customer_id,customer_name,customer_email,location
1,Customer_1,customer_1@example.com,Phoenix
2,Customer_2,customer_2@example.com,New York
3,Customer_3,customer_3@example.com,Los Angeles
4,Customer_4,customer_4@example.com,Chicago
5,Customer_5,customer_5@example.com,Chicago
6,Customer_6,customer_6@example.com,Phoenix
7,Customer_7,customer_7@example.com,Chicago
8,Customer_8,customer_8@example.com,New York
9,Customer_9,customer_9@example.com,New York
10,Customer_10,customer_10@example.com,Chicago
11,Customer_11,customer_11@example.com,Phoenix
12,Customer_12,customer_12@example.com,Houston
13,Customer_13,customer_13@example.com,Chicago
14,Customer_14,customer_14@example.com,Phoenix
15,Customer_15,customer_15@example.com,Chicago
16,Customer_16,customer_16@example.com,New York
17,Customer_17,customer_17@example.com,Los Angeles
18,Customer_18,customer_18@example.com,Phoenix
19,Customer_19,customer_19@example.com,Los Angeles
20,Customer_20,customer_20@example.com,Chicago
21,Customer_21,customer_21@example.com,New York
22,Customer_22,customer_22@example.com,Los Angeles
23,Customer_23,customer_23@example.com,Houston
24,Customer_24,customer_24@example.com,Houston
25,Customer_25,customer_25@example.com,Houston
26,Customer_26,customer_26@example.com,Los Angeles
27,Customer_27,customer_27@example.com,Phoenix
28,Customer_28,customer_28@example.com,Chicago
29,Customer_29,customer_29@example.com,Houston
30,Customer_30,customer_30@example.com,Houston
31,Customer_31,customer_31@example.com,Chicago
32,Customer_32,customer_32@example.com,Los Angeles
33,Customer_33,customer_33@example.com,Phoenix
34,Customer_34,customer_34@example.com,Phoenix
35,Customer_35,customer_35@example.com,New York
36,Customer_36,customer_36@example.com,Los Angeles
37,Customer_37,customer_37@example.com,Houston
38,Customer_38,customer_38@example.com,Phoenix
39,Customer_39,customer_39@example.com,Houston
40,Customer_40,customer_40@example.com,New York
41,Customer_41,customer_41@example.com,Houston
42,Customer_42,customer_42@example.com,Chicago
43,Customer_43,customer_43@example.com,Los Angeles
44,Customer_44,customer_44@example.com,New York
45,Customer_45,customer_45@example.com,Phoenix
46,Customer_46,customer_46@example.com,New York
47,Customer_47,customer_47@example.com,New York
48,Customer_48,customer_48@example.com,Chicago
49,Customer_49,customer_49@example.com,Houston
50,Customer_50,customer_50@example.com,Phoenix
51,Customer_51,customer_51@example.com,New York
52,Customer_52,customer_52@example.com,Los Angeles
53,Customer_53,customer_53@example.com,Los Angeles
54,Customer_54,customer_54@example.com,Houston
55,Customer_55,customer_55@example.com,New York
56,Customer_56,customer_56@example.com,Chicago
57,Customer_57,customer_57@example.com,New York
58,Customer_58,customer_58@example.com,Los Angeles
59,Customer_59,customer_59@example.com,Houston
60,Customer_60,customer_60@example.com,Chicago
61,Customer_61,customer_61@example.com,New York
62,Customer_62,customer_62@example.com,New York
63,Customer_63,customer_63@example.com,New York
64,Customer_64,customer_64@example.com,Houston
65,Customer_65,customer_65@example.com,Houston
66,Customer_66,customer_66@example.com,New York
67,Customer_67,customer_67@example.com,Chicago
68,Customer_68,customer_68@example.com,Phoenix
69,Customer_69,customer_69@example.com,Los Angeles
70,Customer_70,customer_70@example.com,Houston
71,Customer_71,customer_71@example.com,Los Angeles
72,Customer_72,customer_72@example.com,Chicago
73,Customer_73,customer_73@example.com,Houston
74,Customer_74,customer_74@example.com,Houston
75,Customer_75,customer_75@example.com,Los Angeles
76,Customer_76,customer_76@example.com,Phoenix
77,Customer_77,customer_77@example.com,Houston
78,Customer_78,customer_78@example.com,Houston
79,Customer_79,customer_79@example.com,Phoenix
80,Customer_80,customer_80@example.com,Houston
81,Customer_81,customer_81@example.com,Phoenix
82,Customer_82,customer_82@example.com,Phoenix
83,Customer_83,customer_83@example.com,New York
84,Customer_84,customer_84@example.com,New York
85,Customer_85,customer_85@example.com,Los Angeles
86,Customer_86,customer_86@example.com,Chicago
87,Customer_87,customer_87@example.com,Houston
88,Customer_88,customer_88@example.com,Los Angeles
89,Customer_89,customer_89@example.com,Houston
90,Customer_90,customer_90@example.com,Phoenix
91,Customer_91,customer_91@example.com,Houston
92,Customer_92,customer_92@example.com,Los Angeles
93,Customer_93,customer_93@example.com,Phoenix
94,Customer_94,customer_94@example.com,Houston
95,Customer_95,customer_95@example.com,New York
96,Customer_96,customer_96@example.com,New York
97,Customer_97,customer_97@example.com,Los Angeles
98,Customer_98,customer_98@example.com,Houston
99,Customer_99,customer_99@example.com,Los Angeles
100,Customer_100,customer_100@example.com,Los Angeles
101,Customer_101,customer_101@example.com,Chicago
102,Customer_102,customer_102@example.com,Houston
103,Customer_103,customer_103@example.com,Chicago
104,Customer_104,customer_104@example.com,Houston
105,Customer_105,customer_105@example.com,Phoenix
106,Customer_106,customer_106@example.com,New York
107,Customer_107,customer_107@example.com,Phoenix
108,Customer_108,customer_108@example.com,Los Angeles
109,Customer_109,customer_109@example.com,New York
110,Customer_110,customer_110@example.com,Phoenix
111,Customer_111,customer_111@example.com,Chicago
112,Customer_112,customer_112@example.com,Houston
113,Customer_113,customer_113@example.com,Chicago
114,Customer_114,customer_114@example.com,Phoenix
115,Customer_115,customer_115@example.com,Chicago
116,Customer_116,customer_116@example.com,Houston
117,Customer_117,customer_117@example.com,Phoenix
118,Customer_118,customer_118@example.com,New York
119,Customer_119,customer_119@example.com,Chicago
120,Customer_120,customer_120@example.com,Los Angeles
121,Customer_121,customer_121@example.com,Los Angeles
122,Customer_122,customer_122@example.com,Chicago
123,Customer_123,customer_123@example.com,Chicago
124,Customer_124,customer_124@example.com,Los Angeles
125,Customer_125,customer_125@example.com,Houston
126,Customer_126,customer_126@example.com,Los Angeles
127,Customer_127,customer_127@example.com,New York
128,Customer_128,customer_128@example.com,Houston
129,Customer_129,customer_129@example.com,Los Angeles
130,Customer_130,customer_130@example.com,Chicago
131,Customer_131,customer_131@example.com,Phoenix
132,Customer_132,customer_132@example.com,Los Angeles
133,Customer_133,customer_133@example.com,Chicago
134,Customer_134,customer_134@example.com,Houston
135,Customer_135,customer_135@example.com,Los Angeles
136,Customer_136,customer_136@example.com,New York
137,Customer_137,customer_137@example.com,New York
138,Customer_138,customer_138@example.com,Chicago
139,Customer_139,customer_139@example.com,Chicago
140,Customer_140,customer_140@example.com,Los Angeles
141,Customer_141,customer_141@example.com,Chicago
142,Customer_142,customer_142@example.com,Phoenix
143,Customer_143,customer_143@example.com,Chicago
144,Customer_144,customer_144@example.com,Phoenix
145,Customer_145,customer_145@example.com,Houston
146,Customer_146,customer_146@example.com,New York
147,Customer_147,customer_147@example.com,Houston
148,Customer_148,customer_148@example.com,Los Angeles
149,Customer_149,customer_149@example.com,Phoenix
150,Customer_150,customer_150@example.com,Los Angeles
151,Customer_151,customer_151@example.com,Houston
152,Customer_152,customer_152@example.com,New York
153,Customer_153,customer_153@example.com,Chicago
154,Customer_154,customer_154@example.com,Houston
155,Customer_155,customer_155@example.com,Phoenix
156,Customer_156,customer_156@example.com,New York
157,Customer_157,customer_157@example.com,New York
158,Customer_158,customer_158@example.com,Chicago
159,Customer_159,customer_159@example.com,Phoenix
160,Customer_160,customer_160@example.com,Houston
161,Customer_161,customer_161@example.com,Chicago
162,Customer_162,customer_162@example.com,Chicago
163,Customer_163,customer_163@example.com,Phoenix
164,Customer_164,customer_164@example.com,Phoenix
165,Customer_165,customer_165@example.com,New York
166,Customer_166,customer_166@example.com,Houston
167,Customer_167,customer_167@example.com,Houston
168,Customer_168,customer_168@example.com,Houston
169,Customer_169,customer_169@example.com,Houston
170,Customer_170,customer_170@example.com,Phoenix
171,Customer_171,customer_171@example.com,Phoenix
172,Customer_172,customer_172@example.com,Chicago
173,Customer_173,customer_173@example.com,New York
174,Customer_174,customer_174@example.com,Los Angeles
175,Customer_175,customer_175@example.com,Houston
176,Customer_176,customer_176@example.com,Phoenix
177,Customer_177,customer_177@example.com,Phoenix
178,Customer_178,customer_178@example.com,Los Angeles
179,Customer_179,customer_179@example.com,New York
180,Customer_180,customer_180@example.com,Los Angeles
181,Customer_181,customer_181@example.com,Chicago
182,Customer_182,customer_182@example.com,New York
183,Customer_183,customer_183@example.com,New York
184,Customer_184,customer_184@example.com,Phoenix
185,Customer_185,customer_185@example.com,Los Angeles
186,Customer_186,customer_186@example.com,Chicago
187,Customer_187,customer_187@example.com,Los Angeles
188,Customer_188,customer_188@example.com,Phoenix
189,Customer_189,customer_189@example.com,Houston
190,Customer_190,customer_190@example.com,Houston
191,Customer_191,customer_191@example.com,Phoenix
192,Customer_192,customer_192@example.com,New York
193,Customer_193,customer_193@example.com,Chicago
194,Customer_194,customer_194@example.com,Chicago
195,Customer_195,customer_195@example.com,Los Angeles
196,Customer_196,customer_196@example.com,Los Angeles
197,Customer_197,customer_197@example.com,Chicago
198,Customer_198,customer_198@example.com,Chicago
199,Customer_199,customer_199@example.com,Houston
200,Customer_200,customer_200@example.com,Chicago
201,Customer_201,customer_201@example.com,Houston
202,Customer_202,customer_202@example.com,Phoenix
203,Customer_203,customer_203@example.com,Houston
204,Customer_204,customer_204@example.com,Houston
205,Customer_205,customer_205@example.com,Phoenix
206,Customer_206,customer_206@example.com,Houston
207,Customer_207,customer_207@example.com,New York
208,Customer_208,customer_208@example.com,Houston
209,Customer_209,customer_209@example.com,Houston
210,Customer_210,customer_210@example.com,Los Angeles
211,Customer_211,customer_211@example.com,Los Angeles
212,Customer_212,customer_212@example.com,Los Angeles
213,Customer_213,customer_213@example.com,Los Angeles
214,Customer_214,customer_214@example.com,Houston
215,Customer_215,customer_215@example.com,Houston
216,Customer_216,customer_216@example.com,Houston
217,Customer_217,customer_217@example.com,Chicago
218,Customer_218,customer_218@example.com,New York
219,Customer_219,customer_219@example.com,Chicago
220,Customer_220,customer_220@example.com,Los Angeles
221,Customer_221,customer_221@example.com,Phoenix
222,Customer_222,customer_222@example.com,New York
223,Customer_223,customer_223@example.com,Chicago
224,Customer_224,customer_224@example.com,Houston
225,Customer_225,customer_225@example.com,Chicago
226,Customer_226,customer_226@example.com,New York
227,Customer_227,customer_227@example.com,Los Angeles
228,Customer_228,customer_228@example.com,New York
229,Customer_229,customer_229@example.com,Los Angeles
230,Customer_230,customer_230@example.com,New York
231,Customer_231,customer_231@example.com,New York
232,Customer_232,customer_232@example.com,Phoenix
233,Customer_233,customer_233@example.com,New York
234,Customer_234,customer_234@example.com,Los Angeles
235,Customer_235,customer_235@example.com,Phoenix
236,Customer_236,customer_236@example.com,Phoenix
237,Customer_237,customer_237@example.com,Los Angeles
238,Customer_238,customer_238@example.com,Chicago
239,Customer_239,customer_239@example.com,Phoenix
240,Customer_240,customer_240@example.com,New York
241,Customer_241,customer_241@example.com,Houston
242,Customer_242,customer_242@example.com,Houston
243,Customer_243,customer_243@example.com,Phoenix
244,Customer_244,customer_244@example.com,Phoenix
245,Customer_245,customer_245@example.com,Houston
246,Customer_246,customer_246@example.com,Houston
247,Customer_247,customer_247@example.com,Phoenix
248,Customer_248,customer_248@example.com,Houston
249,Customer_249,customer_249@example.com,Phoenix
250,Customer_250,customer_250@example.com,Los Angeles
251,Customer_251,customer_251@example.com,New York
252,Customer_252,customer_252@example.com,Los Angeles
253,Customer_253,customer_253@example.com,Houston
254,Customer_254,customer_254@example.com,Phoenix
255,Customer_255,customer_255@example.com,Phoenix
256,Customer_256,customer_256@example.com,Houston
257,Customer_257,customer_257@example.com,Chicago
258,Customer_258,customer_258@example.com,Chicago
259,Customer_259,customer_259@example.com,Phoenix
260,Customer_260,customer_260@example.com,Phoenix
261,Customer_261,customer_261@example.com,Houston
262,Customer_262,customer_262@example.com,New York
263,Customer_263,customer_263@example.com,Phoenix
264,Customer_264,customer_264@example.com,Chicago
265,Customer_265,customer_265@example.com,Phoenix
266,Customer_266,customer_266@example.com,New York
267,Customer_267,customer_267@example.com,Houston
268,Customer_268,customer_268@example.com,New York
269,Customer_269,customer_269@example.com,New York
270,Customer_270,customer_270@example.com,Los Angeles
271,Customer_271,customer_271@example.com,New York
272,Customer_272,customer_272@example.com,Los Angeles
273,Customer_273,customer_273@example.com,Los Angeles
274,Customer_274,customer_274@example.com,Los Angeles
275,Customer_275,customer_275@example.com,Los Angeles
276,Customer_276,customer_276@example.com,Los Angeles
277,Customer_277,customer_277@example.com,Phoenix
278,Customer_278,customer_278@example.com,New York
279,Customer_279,customer_279@example.com,New York
280,Customer_280,customer_280@example.com,Los Angeles
281,Customer_281,customer_281@example.com,New York
282,Customer_282,customer_282@example.com,Chicago
283,Customer_283,customer_283@example.com,Phoenix
284,Customer_284,customer_284@example.com,Los Angeles
285,Customer_285,customer_285@example.com,Chicago
286,Customer_286,customer_286@example.com,New York
287,Customer_287,customer_287@example.com,Los Angeles
288,Customer_288,customer_288@example.com,New York
289,Customer_289,customer_289@example.com,New York
290,Customer_290,customer_290@example.com,New York
291,Customer_291,customer_291@example.com,Houston
292,Customer_292,customer_292@example.com,New York
293,Customer_293,customer_293@example.com,Phoenix
294,Customer_294,customer_294@example.com,Phoenix
295,Customer_295,customer_295@example.com,Phoenix
296,Customer_296,customer_296@example.com,Chicago
297,Customer_297,customer_297@example.com,Phoenix
298,Customer_298,customer_298@example.com,Phoenix
299,Customer_299,customer_299@example.com,Chicago
300,Customer_300,customer_300@example.com,Houston
301,Customer_301,customer_301@example.com,New York
302,Customer_302,customer_302@example.com,Phoenix
303,Customer_303,customer_303@example.com,Los Angeles
304,Customer_304,customer_304@example.com,Phoenix
305,Customer_305,customer_305@example.com,New York
306,Customer_306,customer_306@example.com,New York
307,Customer_307,customer_307@example.com,Phoenix
308,Customer_308,customer_308@example.com,New York
309,Customer_309,customer_309@example.com,Houston
310,Customer_310,customer_310@example.com,Chicago
311,Customer_311,customer_311@example.com,Los Angeles
312,Customer_312,customer_312@example.com,New York
313,Customer_313,customer_313@example.com,New York
314,Customer_314,customer_314@example.com,Chicago
315,Customer_315,customer_315@example.com,Phoenix
316,Customer_316,customer_316@example.com,Phoenix
317,Customer_317,customer_317@example.com,New York
318,Customer_318,customer_318@example.com,New York
319,Customer_319,customer_319@example.com,Houston
320,Customer_320,customer_320@example.com,New York
321,Customer_321,customer_321@example.com,Houston
322,Customer_322,customer_322@example.com,New York
323,Customer_323,customer_323@example.com,Los Angeles
324,Customer_324,customer_324@example.com,Chicago
325,Customer_325,customer_325@example.com,Phoenix
326,Customer_326,customer_326@example.com,Los Angeles
327,Customer_327,customer_327@example.com,Houston
328,Customer_328,customer_328@example.com,Phoenix
329,Customer_329,customer_329@example.com,Los Angeles
330,Customer_330,customer_330@example.com,Phoenix
331,Customer_331,customer_331@example.com,Chicago
332,Customer_332,customer_332@example.com,Los Angeles
333,Customer_333,customer_333@example.com,Houston
334,Customer_334,customer_334@example.com,Phoenix
335,Customer_335,customer_335@example.com,Phoenix
336,Customer_336,customer_336@example.com,Phoenix
337,Customer_337,customer_337@example.com,Phoenix
338,Customer_338,customer_338@example.com,New York
339,Customer_339,customer_339@example.com,Chicago
340,Customer_340,customer_340@example.com,Houston
341,Customer_341,customer_341@example.com,Chicago
342,Customer_342,customer_342@example.com,Los Angeles
343,Customer_343,customer_343@example.com,Houston
344,Customer_344,customer_344@example.com,Houston
345,Customer_345,customer_345@example.com,Chicago
346,Customer_346,customer_346@example.com,Los Angeles
347,Customer_347,customer_347@example.com,Chicago
348,Customer_348,customer_348@example.com,Los Angeles
349,Customer_349,customer_349@example.com,Chicago
350,Customer_350,customer_350@example.com,Phoenix
351,Customer_351,customer_351@example.com,New York
352,Customer_352,customer_352@example.com,Phoenix
353,Customer_353,customer_353@example.com,Houston
354,Customer_354,customer_354@example.com,Los Angeles
355,Customer_355,customer_355@example.com,Phoenix
356,Customer_356,customer_356@example.com,Chicago
357,Customer_357,customer_357@example.com,Chicago
358,Customer_358,customer_358@example.com,New York
359,Customer_359,customer_359@example.com,Phoenix
360,Customer_360,customer_360@example.com,Phoenix
361,Customer_361,customer_361@example.com,Chicago
362,Customer_362,customer_362@example.com,Phoenix
363,Customer_363,customer_363@example.com,Chicago
364,Customer_364,customer_364@example.com,Chicago
365,Customer_365,customer_365@example.com,Los Angeles
366,Customer_366,customer_366@example.com,New York
367,Customer_367,customer_367@example.com,New York
368,Customer_368,customer_368@example.com,Los Angeles
369,Customer_369,customer_369@example.com,New York
370,Customer_370,customer_370@example.com,Chicago
371,Customer_371,customer_371@example.com,New York
372,Customer_372,customer_372@example.com,Los Angeles
373,Customer_373,customer_373@example.com,Chicago
374,Customer_374,customer_374@example.com,Phoenix
375,Customer_375,customer_375@example.com,Los Angeles
376,Customer_376,customer_376@example.com,Houston
377,Customer_377,customer_377@example.com,Chicago
378,Customer_378,customer_378@example.com,Phoenix
379,Customer_379,customer_379@example.com,Los Angeles
380,Customer_380,customer_380@example.com,Phoenix
381,Customer_381,customer_381@example.com,Phoenix
382,Customer_382,customer_382@example.com,Los Angeles
383,Customer_383,customer_383@example.com,New York
384,Customer_384,customer_384@example.com,New York
385,Customer_385,customer_385@example.com,Chicago
386,Customer_386,customer_386@example.com,Phoenix
387,Customer_387,customer_387@example.com,Chicago
388,Customer_388,customer_388@example.com,Houston
389,Customer_389,customer_389@example.com,Chicago
390,Customer_390,customer_390@example.com,Los Angeles
391,Customer_391,customer_391@example.com,Los Angeles
392,Customer_392,customer_392@example.com,Chicago
393,Customer_393,customer_393@example.com,Houston
394,Customer_394,customer_394@example.com,Chicago
395,Customer_395,customer_395@example.com,Los Angeles
396,Customer_396,customer_396@example.com,Los Angeles
397,Customer_397,customer_397@example.com,New York
398,Customer_398,customer_398@example.com,Houston
399,Customer_399,customer_399@example.com,Houston
400,Customer_400,customer_400@example.com,New York
401,Customer_401,customer_401@example.com,Chicago
402,Customer_402,customer_402@example.com,Los Angeles
403,Customer_403,customer_403@example.com,Phoenix
404,Customer_404,customer_404@example.com,Los Angeles
405,Customer_405,customer_405@example.com,New York
406,Customer_406,customer_406@example.com,Phoenix
407,Customer_407,customer_407@example.com,Los Angeles
408,Customer_408,customer_408@example.com,Los Angeles
409,Customer_409,customer_409@example.com,Chicago
410,Customer_410,customer_410@example.com,Phoenix
411,Customer_411,customer_411@example.com,New York
412,Customer_412,customer_412@example.com,Los Angeles
413,Customer_413,customer_413@example.com,Chicago
414,Customer_414,customer_414@example.com,Los Angeles
415,Customer_415,customer_415@example.com,New York
416,Customer_416,customer_416@example.com,Houston
417,Customer_417,customer_417@example.com,New York
418,Customer_418,customer_418@example.com,Phoenix
419,Customer_419,customer_419@example.com,Los Angeles
420,Customer_420,customer_420@example.com,New York
421,Customer_421,customer_421@example.com,Phoenix
422,Customer_422,customer_422@example.com,Chicago
423,Customer_423,customer_423@example.com,Houston
424,Customer_424,customer_424@example.com,New York
425,Customer_425,customer_425@example.com,Chicago
426,Customer_426,customer_426@example.com,Houston
427,Customer_427,customer_427@example.com,New York
428,Customer_428,customer_428@example.com,Phoenix
429,Customer_429,customer_429@example.com,Phoenix
430,Customer_430,customer_430@example.com,New York
431,Customer_431,customer_431@example.com,Phoenix
432,Customer_432,customer_432@example.com,New York
433,Customer_433,customer_433@example.com,Chicago
434,Customer_434,customer_434@example.com,Chicago
435,Customer_435,customer_435@example.com,Phoenix
436,Customer_436,customer_436@example.com,New York
437,Customer_437,customer_437@example.com,Houston
438,Customer_438,customer_438@example.com,Chicago
439,Customer_439,customer_439@example.com,New York
440,Customer_440,customer_440@example.com,Chicago
441,Customer_441,customer_441@example.com,Chicago
442,Customer_442,customer_442@example.com,Houston
443,Customer_443,customer_443@example.com,Houston
444,Customer_444,customer_444@example.com,Chicago
445,Customer_445,customer_445@example.com,Phoenix
446,Customer_446,customer_446@example.com,Houston
447,Customer_447,customer_447@example.com,Houston
448,Customer_448,customer_448@example.com,Phoenix
449,Customer_449,customer_449@example.com,Chicago
450,Customer_450,customer_450@example.com,Houston
451,Customer_451,customer_451@example.com,Los Angeles
452,Customer_452,customer_452@example.com,Phoenix
453,Customer_453,customer_453@example.com,New York
454,Customer_454,customer_454@example.com,Houston
455,Customer_455,customer_455@example.com,New York
456,Customer_456,customer_456@example.com,Phoenix
457,Customer_457,customer_457@example.com,Houston
458,Customer_458,customer_458@example.com,Phoenix
459,Customer_459,customer_459@example.com,Phoenix
460,Customer_460,customer_460@example.com,Houston
461,Customer_461,customer_461@example.com,Chicago
462,Customer_462,customer_462@example.com,New York
463,Customer_463,customer_463@example.com,Houston
464,Customer_464,customer_464@example.com,Los Angeles
465,Customer_465,customer_465@example.com,Chicago
466,Customer_466,customer_466@example.com,Houston
467,Customer_467,customer_467@example.com,Houston
468,Customer_468,customer_468@example.com,Chicago
469,Customer_469,customer_469@example.com,Los Angeles
470,Customer_470,customer_470@example.com,Los Angeles
471,Customer_471,customer_471@example.com,Los Angeles
472,Customer_472,customer_472@example.com,Phoenix
473,Customer_473,customer_473@example.com,Phoenix
474,Customer_474,customer_474@example.com,New York
475,Customer_475,customer_475@example.com,Houston
476,Customer_476,customer_476@example.com,Chicago
477,Customer_477,customer_477@example.com,Los Angeles
478,Customer_478,customer_478@example.com,Phoenix
479,Customer_479,customer_479@example.com,New York
480,Customer_480,customer_480@example.com,Houston
481,Customer_481,customer_481@example.com,New York
482,Customer_482,customer_482@example.com,New York
483,Customer_483,customer_483@example.com,Chicago
484,Customer_484,customer_484@example.com,Phoenix
485,Customer_485,customer_485@example.com,New York
486,Customer_486,customer_486@example.com,Phoenix
487,Customer_487,customer_487@example.com,Phoenix
488,Customer_488,customer_488@example.com,Houston
489,Customer_489,customer_489@example.com,Phoenix
490,Customer_490,customer_490@example.com,New York
491,Customer_491,customer_491@example.com,New York
492,Customer_492,customer_492@example.com,New York
493,Customer_493,customer_493@example.com,Chicago
494,Customer_494,customer_494@example.com,New York
495,Customer_495,customer_495@example.com,New York
496,Customer_496,customer_496@example.com,New York
497,Customer_497,customer_497@example.com,Chicago
498,Customer_498,customer_498@example.com,Phoenix
499,Customer_499,customer_499@example.com,Houston
500,Customer_500,customer_500@example.com,Chicago
501,Customer_501,customer_501@example.com,Phoenix
502,Customer_502,customer_502@example.com,Phoenix
503,Customer_503,customer_503@example.com,New York
504,Customer_504,customer_504@example.com,Chicago
505,Customer_505,customer_505@example.com,New York
506,Customer_506,customer_506@example.com,Phoenix
507,Customer_507,customer_507@example.com,Houston
508,Customer_508,customer_508@example.com,New York
509,Customer_509,customer_509@example.com,New York
510,Customer_510,customer_510@example.com,Chicago
511,Customer_511,customer_511@example.com,Chicago
512,Customer_512,customer_512@example.com,New York
513,Customer_513,customer_513@example.com,Chicago
514,Customer_514,customer_514@example.com,Houston
515,Customer_515,customer_515@example.com,Chicago
516,Customer_516,customer_516@example.com,Los Angeles
517,Customer_517,customer_517@example.com,Houston
518,Customer_518,customer_518@example.com,Chicago
519,Customer_519,customer_519@example.com,New York
520,Customer_520,customer_520@example.com,Phoenix
521,Customer_521,customer_521@example.com,Los Angeles
522,Customer_522,customer_522@example.com,Houston
523,Customer_523,customer_523@example.com,Phoenix
524,Customer_524,customer_524@example.com,New York
525,Customer_525,customer_525@example.com,Houston
526,Customer_526,customer_526@example.com,Phoenix
527,Customer_527,customer_527@example.com,New York
528,Customer_528,customer_528@example.com,New York
529,Customer_529,customer_529@example.com,Houston
530,Customer_530,customer_530@example.com,New York
531,Customer_531,customer_531@example.com,Los Angeles
532,Customer_532,customer_532@example.com,New York
533,Customer_533,customer_533@example.com,Chicago
534,Customer_534,customer_534@example.com,Phoenix
535,Customer_535,customer_535@example.com,Los Angeles
536,Customer_536,customer_536@example.com,Phoenix
537,Customer_537,customer_537@example.com,Houston
538,Customer_538,customer_538@example.com,New York
539,Customer_539,customer_539@example.com,New York
540,Customer_540,customer_540@example.com,Phoenix
541,Customer_541,customer_541@example.com,Los Angeles
542,Customer_542,customer_542@example.com,Houston
543,Customer_543,customer_543@example.com,New York
544,Customer_544,customer_544@example.com,Phoenix
545,Customer_545,customer_545@example.com,New York
546,Customer_546,customer_546@example.com,Los Angeles
547,Customer_547,customer_547@example.com,Los Angeles
548,Customer_548,customer_548@example.com,Los Angeles
549,Customer_549,customer_549@example.com,Los Angeles
550,Customer_550,customer_550@example.com,New York
551,Customer_551,customer_551@example.com,New York
552,Customer_552,customer_552@example.com,Houston
553,Customer_553,customer_553@example.com,Houston
554,Customer_554,customer_554@example.com,Phoenix
555,Customer_555,customer_555@example.com,Houston
556,Customer_556,customer_556@example.com,New York
557,Customer_557,customer_557@example.com,Los Angeles
558,Customer_558,customer_558@example.com,Chicago
559,Customer_559,customer_559@example.com,Phoenix
560,Customer_560,customer_560@example.com,New York
561,Customer_561,customer_561@example.com,Houston
562,Customer_562,customer_562@example.com,Phoenix
563,Customer_563,customer_563@example.com,New York
564,Customer_564,customer_564@example.com,Chicago
565,Customer_565,customer_565@example.com,Chicago
566,Customer_566,customer_566@example.com,Phoenix
567,Customer_567,customer_567@example.com,Houston
568,Customer_568,customer_568@example.com,Phoenix
569,Customer_569,customer_569@example.com,New York
570,Customer_570,customer_570@example.com,Houston
571,Customer_571,customer_571@example.com,Phoenix
572,Customer_572,customer_572@example.com,Phoenix
573,Customer_573,customer_573@example.com,Los Angeles
574,Customer_574,customer_574@example.com,Phoenix
575,Customer_575,customer_575@example.com,New York
576,Customer_576,customer_576@example.com,Houston
577,Customer_577,customer_577@example.com,Chicago
578,Customer_578,customer_578@example.com,Los Angeles
579,Customer_579,customer_579@example.com,Los Angeles
580,Customer_580,customer_580@example.com,Phoenix
581,Customer_581,customer_581@example.com,Chicago
582,Customer_582,customer_582@example.com,Phoenix
583,Customer_583,customer_583@example.com,Los Angeles
584,Customer_584,customer_584@example.com,Chicago
585,Customer_585,customer_585@example.com,Los Angeles
586,Customer_586,customer_586@example.com,Los Angeles
587,Customer_587,customer_587@example.com,Chicago
588,Customer_588,customer_588@example.com,Chicago
589,Customer_589,customer_589@example.com,Los Angeles
590,Customer_590,customer_590@example.com,Chicago
591,Customer_591,customer_591@example.com,Phoenix
592,Customer_592,customer_592@example.com,Phoenix
593,Customer_593,customer_593@example.com,Phoenix
594,Customer_594,customer_594@example.com,Chicago
595,Customer_595,customer_595@example.com,Houston
596,Customer_596,customer_596@example.com,Phoenix
597,Customer_597,customer_597@example.com,New York
598,Customer_598,customer_598@example.com,Phoenix
599,Customer_599,customer_599@example.com,Phoenix
600,Customer_600,customer_600@example.com,Los Angeles
601,Customer_601,customer_601@example.com,Phoenix
602,Customer_602,customer_602@example.com,Los Angeles
603,Customer_603,customer_603@example.com,Chicago
604,Customer_604,customer_604@example.com,Los Angeles
605,Customer_605,customer_605@example.com,Chicago
606,Customer_606,customer_606@example.com,Phoenix
607,Customer_607,customer_607@example.com,Houston
608,Customer_608,customer_608@example.com,New York
609,Customer_609,customer_609@example.com,Chicago
610,Customer_610,customer_610@example.com,Houston
611,Customer_611,customer_611@example.com,Phoenix
612,Customer_612,customer_612@example.com,New York
613,Customer_613,customer_613@example.com,Houston
614,Customer_614,customer_614@example.com,Chicago
615,Customer_615,customer_615@example.com,Phoenix
616,Customer_616,customer_616@example.com,Chicago
617,Customer_617,customer_617@example.com,Chicago
618,Customer_618,customer_618@example.com,New York
619,Customer_619,customer_619@example.com,Phoenix
620,Customer_620,customer_620@example.com,Phoenix
621,Customer_621,customer_621@example.com,Phoenix
622,Customer_622,customer_622@example.com,Chicago
623,Customer_623,customer_623@example.com,Phoenix
624,Customer_624,customer_624@example.com,New York
625,Customer_625,customer_625@example.com,New York
626,Customer_626,customer_626@example.com,Los Angeles
627,Customer_627,customer_627@example.com,Los Angeles
628,Customer_628,customer_628@example.com,Houston
629,Customer_629,customer_629@example.com,Los Angeles
630,Customer_630,customer_630@example.com,Los Angeles
631,Customer_631,customer_631@example.com,Phoenix
632,Customer_632,customer_632@example.com,New York
633,Customer_633,customer_633@example.com,Los Angeles
634,Customer_634,customer_634@example.com,Chicago
635,Customer_635,customer_635@example.com,Phoenix
636,Customer_636,customer_636@example.com,Los Angeles
637,Customer_637,customer_637@example.com,Phoenix
638,Customer_638,customer_638@example.com,New York
639,Customer_639,customer_639@example.com,Houston
640,Customer_640,customer_640@example.com,Chicago
641,Customer_641,customer_641@example.com,New York
642,Customer_642,customer_642@example.com,Chicago
643,Customer_643,customer_643@example.com,Chicago
644,Customer_644,customer_644@example.com,New York
645,Customer_645,customer_645@example.com,Phoenix
646,Customer_646,customer_646@example.com,Phoenix
647,Customer_647,customer_647@example.com,Chicago
648,Customer_648,customer_648@example.com,Los Angeles
649,Customer_649,customer_649@example.com,New York
650,Customer_650,customer_650@example.com,Houston
651,Customer_651,customer_651@example.com,Phoenix
652,Customer_652,customer_652@example.com,Los Angeles
653,Customer_653,customer_653@example.com,Phoenix
654,Customer_654,customer_654@example.com,New York
655,Customer_655,customer_655@example.com,New York
656,Customer_656,customer_656@example.com,Chicago
657,Customer_657,customer_657@example.com,New York
658,Customer_658,customer_658@example.com,Houston
659,Customer_659,customer_659@example.com,Phoenix
660,Customer_660,customer_660@example.com,Houston
661,Customer_661,customer_661@example.com,Los Angeles
662,Customer_662,customer_662@example.com,New York
663,Customer_663,customer_663@example.com,Chicago
664,Customer_664,customer_664@example.com,Houston
665,Customer_665,customer_665@example.com,New York
666,Customer_666,customer_666@example.com,Chicago
667,Customer_667,customer_667@example.com,Los Angeles
668,Customer_668,customer_668@example.com,Los Angeles
669,Customer_669,customer_669@example.com,Chicago
670,Customer_670,customer_670@example.com,Houston
671,Customer_671,customer_671@example.com,New York
672,Customer_672,customer_672@example.com,Los Angeles
673,Customer_673,customer_673@example.com,Chicago
674,Customer_674,customer_674@example.com,Los Angeles
675,Customer_675,customer_675@example.com,Los Angeles
676,Customer_676,customer_676@example.com,Chicago
677,Customer_677,customer_677@example.com,New York
678,Customer_678,customer_678@example.com,Los Angeles
679,Customer_679,customer_679@example.com,Chicago
680,Customer_680,customer_680@example.com,New York
681,Customer_681,customer_681@example.com,Houston
682,Customer_682,customer_682@example.com,Phoenix
683,Customer_683,customer_683@example.com,Phoenix
684,Customer_684,customer_684@example.com,New York
685,Customer_685,customer_685@example.com,Phoenix
686,Customer_686,customer_686@example.com,Phoenix
687,Customer_687,customer_687@example.com,New York
688,Customer_688,customer_688@example.com,Houston
689,Customer_689,customer_689@example.com,Phoenix
690,Customer_690,customer_690@example.com,Chicago
691,Customer_691,customer_691@example.com,Chicago
692,Customer_692,customer_692@example.com,Chicago
693,Customer_693,customer_693@example.com,New York
694,Customer_694,customer_694@example.com,New York
695,Customer_695,customer_695@example.com,New York
696,Customer_696,customer_696@example.com,Phoenix
697,Customer_697,customer_697@example.com,Houston
698,Customer_698,customer_698@example.com,Los Angeles
699,Customer_699,customer_699@example.com,Los Angeles
700,Customer_700,customer_700@example.com,Phoenix
701,Customer_701,customer_701@example.com,Houston
702,Customer_702,customer_702@example.com,Houston
703,Customer_703,customer_703@example.com,Houston
704,Customer_704,customer_704@example.com,Los Angeles
705,Customer_705,customer_705@example.com,Chicago
706,Customer_706,customer_706@example.com,New York
707,Customer_707,customer_707@example.com,Chicago
708,Customer_708,customer_708@example.com,Los Angeles
709,Customer_709,customer_709@example.com,Houston
710,Customer_710,customer_710@example.com,New York
711,Customer_711,customer_711@example.com,Los Angeles
712,Customer_712,customer_712@example.com,Los Angeles
713,Customer_713,customer_713@example.com,New York
714,Customer_714,customer_714@example.com,Phoenix
715,Customer_715,customer_715@example.com,Chicago
716,Customer_716,customer_716@example.com,New York
717,Customer_717,customer_717@example.com,Houston
718,Customer_718,customer_718@example.com,Los Angeles
719,Customer_719,customer_719@example.com,New York
720,Customer_720,customer_720@example.com,New York
721,Customer_721,customer_721@example.com,Houston
722,Customer_722,customer_722@example.com,Phoenix
723,Customer_723,customer_723@example.com,New York
724,Customer_724,customer_724@example.com,Phoenix
725,Customer_725,customer_725@example.com,New York
726,Customer_726,customer_726@example.com,Houston
727,Customer_727,customer_727@example.com,Houston
728,Customer_728,customer_728@example.com,New York
729,Customer_729,customer_729@example.com,New York
730,Customer_730,customer_730@example.com,Phoenix
731,Customer_731,customer_731@example.com,Houston
732,Customer_732,customer_732@example.com,New York
733,Customer_733,customer_733@example.com,Chicago
734,Customer_734,customer_734@example.com,Los Angeles
735,Customer_735,customer_735@example.com,Chicago
736,Customer_736,customer_736@example.com,Phoenix
737,Customer_737,customer_737@example.com,Phoenix
738,Customer_738,customer_738@example.com,Los Angeles
739,Customer_739,customer_739@example.com,Chicago
740,Customer_740,customer_740@example.com,Los Angeles
741,Customer_741,customer_741@example.com,Los Angeles
742,Customer_742,customer_742@example.com,Los Angeles
743,Customer_743,customer_743@example.com,New York
744,Customer_744,customer_744@example.com,Phoenix
745,Customer_745,customer_745@example.com,New York
746,Customer_746,customer_746@example.com,Phoenix
747,Customer_747,customer_747@example.com,New York
748,Customer_748,customer_748@example.com,Houston
749,Customer_749,customer_749@example.com,Chicago
750,Customer_750,customer_750@example.com,Phoenix
751,Customer_751,customer_751@example.com,New York
752,Customer_752,customer_752@example.com,Chicago
753,Customer_753,customer_753@example.com,Houston
754,Customer_754,customer_754@example.com,Chicago
755,Customer_755,customer_755@example.com,Los Angeles
756,Customer_756,customer_756@example.com,New York
757,Customer_757,customer_757@example.com,Chicago
758,Customer_758,customer_758@example.com,Houston
759,Customer_759,customer_759@example.com,Chicago
760,Customer_760,customer_760@example.com,Houston
761,Customer_761,customer_761@example.com,Phoenix
762,Customer_762,customer_762@example.com,Chicago
763,Customer_763,customer_763@example.com,Phoenix
764,Customer_764,customer_764@example.com,Los Angeles
765,Customer_765,customer_765@example.com,Los Angeles
766,Customer_766,customer_766@example.com,Chicago
767,Customer_767,customer_767@example.com,Houston
768,Customer_768,customer_768@example.com,Houston
769,Customer_769,customer_769@example.com,Phoenix
770,Customer_770,customer_770@example.com,Chicago
771,Customer_771,customer_771@example.com,Houston
772,Customer_772,customer_772@example.com,New York
773,Customer_773,customer_773@example.com,Los Angeles
774,Customer_774,customer_774@example.com,Chicago
775,Customer_775,customer_775@example.com,Chicago
776,Customer_776,customer_776@example.com,New York
777,Customer_777,customer_777@example.com,New York
778,Customer_778,customer_778@example.com,Houston
779,Customer_779,customer_779@example.com,New York
780,Customer_780,customer_780@example.com,Los Angeles
781,Customer_781,customer_781@example.com,Phoenix
782,Customer_782,customer_782@example.com,Phoenix
783,Customer_783,customer_783@example.com,Chicago
784,Customer_784,customer_784@example.com,Phoenix
785,Customer_785,customer_785@example.com,Chicago
786,Customer_786,customer_786@example.com,Los Angeles
787,Customer_787,customer_787@example.com,New York
788,Customer_788,customer_788@example.com,New York
789,Customer_789,customer_789@example.com,Chicago
790,Customer_790,customer_790@example.com,Chicago
791,Customer_791,customer_791@example.com,Los Angeles
792,Customer_792,customer_792@example.com,Los Angeles
793,Customer_793,customer_793@example.com,Phoenix
794,Customer_794,customer_794@example.com,Houston
795,Customer_795,customer_795@example.com,New York
796,Customer_796,customer_796@example.com,Los Angeles
797,Customer_797,customer_797@example.com,Los Angeles
798,Customer_798,customer_798@example.com,Los Angeles
799,Customer_799,customer_799@example.com,Chicago
800,Customer_800,customer_800@example.com,Chicago
801,Customer_801,customer_801@example.com,Houston
802,Customer_802,customer_802@example.com,Los Angeles
803,Customer_803,customer_803@example.com,New York
804,Customer_804,customer_804@example.com,New York
805,Customer_805,customer_805@example.com,New York
806,Customer_806,customer_806@example.com,Chicago
807,Customer_807,customer_807@example.com,Phoenix
808,Customer_808,customer_808@example.com,Chicago
809,Customer_809,customer_809@example.com,New York
810,Customer_810,customer_810@example.com,New York
811,Customer_811,customer_811@example.com,Chicago
812,Customer_812,customer_812@example.com,Los Angeles
813,Customer_813,customer_813@example.com,Los Angeles
814,Customer_814,customer_814@example.com,New York
815,Customer_815,customer_815@example.com,Houston
816,Customer_816,customer_816@example.com,Houston
817,Customer_817,customer_817@example.com,Chicago
818,Customer_818,customer_818@example.com,Los Angeles
819,Customer_819,customer_819@example.com,Phoenix
820,Customer_820,customer_820@example.com,Chicago
821,Customer_821,customer_821@example.com,Chicago
822,Customer_822,customer_822@example.com,Houston
823,Customer_823,customer_823@example.com,Chicago
824,Customer_824,customer_824@example.com,Phoenix
825,Customer_825,customer_825@example.com,Phoenix
826,Customer_826,customer_826@example.com,Phoenix
827,Customer_827,customer_827@example.com,New York
828,Customer_828,customer_828@example.com,Chicago
829,Customer_829,customer_829@example.com,Phoenix
830,Customer_830,customer_830@example.com,Phoenix
831,Customer_831,customer_831@example.com,Phoenix
832,Customer_832,customer_832@example.com,Chicago
833,Customer_833,customer_833@example.com,Los Angeles
834,Customer_834,customer_834@example.com,Phoenix
835,Customer_835,customer_835@example.com,Houston
836,Customer_836,customer_836@example.com,Chicago
837,Customer_837,customer_837@example.com,Phoenix
838,Customer_838,customer_838@example.com,Houston
839,Customer_839,customer_839@example.com,New York
840,Customer_840,customer_840@example.com,New York
841,Customer_841,customer_841@example.com,Chicago
842,Customer_842,customer_842@example.com,New York
843,Customer_843,customer_843@example.com,Phoenix
844,Customer_844,customer_844@example.com,New York
845,Customer_845,customer_845@example.com,Chicago
846,Customer_846,customer_846@example.com,Houston
847,Customer_847,customer_847@example.com,Houston
848,Customer_848,customer_848@example.com,Phoenix
849,Customer_849,customer_849@example.com,Los Angeles
850,Customer_850,customer_850@example.com,Chicago
851,Customer_851,customer_851@example.com,Los Angeles
852,Customer_852,customer_852@example.com,Phoenix
853,Customer_853,customer_853@example.com,Chicago
854,Customer_854,customer_854@example.com,Houston
855,Customer_855,customer_855@example.com,Phoenix
856,Customer_856,customer_856@example.com,Chicago
857,Customer_857,customer_857@example.com,Chicago
858,Customer_858,customer_858@example.com,Houston
859,Customer_859,customer_859@example.com,Phoenix
860,Customer_860,customer_860@example.com,Chicago
861,Customer_861,customer_861@example.com,Houston
862,Customer_862,customer_862@example.com,Houston
863,Customer_863,customer_863@example.com,Houston
864,Customer_864,customer_864@example.com,Los Angeles
865,Customer_865,customer_865@example.com,Chicago
866,Customer_866,customer_866@example.com,New York
867,Customer_867,customer_867@example.com,Chicago
868,Customer_868,customer_868@example.com,New York
869,Customer_869,customer_869@example.com,Los Angeles
870,Customer_870,customer_870@example.com,Houston
871,Customer_871,customer_871@example.com,Houston
872,Customer_872,customer_872@example.com,Chicago
873,Customer_873,customer_873@example.com,Houston
874,Customer_874,customer_874@example.com,Phoenix
875,Customer_875,customer_875@example.com,Phoenix
876,Customer_876,customer_876@example.com,New York
877,Customer_877,customer_877@example.com,New York
878,Customer_878,customer_878@example.com,Chicago
879,Customer_879,customer_879@example.com,Houston
880,Customer_880,customer_880@example.com,Phoenix
881,Customer_881,customer_881@example.com,Houston
882,Customer_882,customer_882@example.com,Houston
883,Customer_883,customer_883@example.com,Phoenix
884,Customer_884,customer_884@example.com,Phoenix
885,Customer_885,customer_885@example.com,Houston
886,Customer_886,customer_886@example.com,Houston
887,Customer_887,customer_887@example.com,New York
888,Customer_888,customer_888@example.com,Chicago
889,Customer_889,customer_889@example.com,Phoenix
890,Customer_890,customer_890@example.com,Phoenix
891,Customer_891,customer_891@example.com,Phoenix
892,Customer_892,customer_892@example.com,Los Angeles
893,Customer_893,customer_893@example.com,Chicago
894,Customer_894,customer_894@example.com,Chicago
895,Customer_895,customer_895@example.com,Chicago
896,Customer_896,customer_896@example.com,New York
897,Customer_897,customer_897@example.com,New York
898,Customer_898,customer_898@example.com,Chicago
899,Customer_899,customer_899@example.com,Phoenix
900,Customer_900,customer_900@example.com,New York
901,Customer_901,customer_901@example.com,New York
902,Customer_902,customer_902@example.com,Los Angeles
903,Customer_903,customer_903@example.com,Chicago
904,Customer_904,customer_904@example.com,Los Angeles
905,Customer_905,customer_905@example.com,Phoenix
906,Customer_906,customer_906@example.com,Los Angeles
907,Customer_907,customer_907@example.com,Los Angeles
908,Customer_908,customer_908@example.com,Phoenix
909,Customer_909,customer_909@example.com,Los Angeles
910,Customer_910,customer_910@example.com,Phoenix
911,Customer_911,customer_911@example.com,Phoenix
912,Customer_912,customer_912@example.com,Phoenix
913,Customer_913,customer_913@example.com,New York
914,Customer_914,customer_914@example.com,New York
915,Customer_915,customer_915@example.com,Chicago
916,Customer_916,customer_916@example.com,Houston
917,Customer_917,customer_917@example.com,Chicago
918,Customer_918,customer_918@example.com,Los Angeles
919,Customer_919,customer_919@example.com,New York
920,Customer_920,customer_920@example.com,Phoenix
921,Customer_921,customer_921@example.com,Chicago
922,Customer_922,customer_922@example.com,Phoenix
923,Customer_923,customer_923@example.com,Chicago
924,Customer_924,customer_924@example.com,Phoenix
925,Customer_925,customer_925@example.com,Houston
926,Customer_926,customer_926@example.com,Houston
927,Customer_927,customer_927@example.com,Phoenix
928,Customer_928,customer_928@example.com,Phoenix
929,Customer_929,customer_929@example.com,Phoenix
930,Customer_930,customer_930@example.com,Los Angeles
931,Customer_931,customer_931@example.com,Phoenix
932,Customer_932,customer_932@example.com,Phoenix
933,Customer_933,customer_933@example.com,Chicago
934,Customer_934,customer_934@example.com,Chicago
935,Customer_935,customer_935@example.com,New York
936,Customer_936,customer_936@example.com,New York
937,Customer_937,customer_937@example.com,Los Angeles
938,Customer_938,customer_938@example.com,Houston
939,Customer_939,customer_939@example.com,Phoenix
940,Customer_940,customer_940@example.com,Houston
941,Customer_941,customer_941@example.com,Phoenix
942,Customer_942,customer_942@example.com,Houston
943,Customer_943,customer_943@example.com,Chicago
944,Customer_944,customer_944@example.com,New York
945,Customer_945,customer_945@example.com,Phoenix
946,Customer_946,customer_946@example.com,Chicago
947,Customer_947,customer_947@example.com,New York
948,Customer_948,customer_948@example.com,Chicago
949,Customer_949,customer_949@example.com,Houston
950,Customer_950,customer_950@example.com,Phoenix
951,Customer_951,customer_951@example.com,Phoenix
952,Customer_952,customer_952@example.com,Phoenix
953,Customer_953,customer_953@example.com,Chicago
954,Customer_954,customer_954@example.com,Los Angeles
955,Customer_955,customer_955@example.com,Phoenix
956,Customer_956,customer_956@example.com,Houston
957,Customer_957,customer_957@example.com,Houston
958,Customer_958,customer_958@example.com,Chicago
959,Customer_959,customer_959@example.com,New York
960,Customer_960,customer_960@example.com,Chicago
961,Customer_961,customer_961@example.com,Chicago
962,Customer_962,customer_962@example.com,Los Angeles
963,Customer_963,customer_963@example.com,Los Angeles
964,Customer_964,customer_964@example.com,New York
965,Customer_965,customer_965@example.com,New York
966,Customer_966,customer_966@example.com,Los Angeles
967,Customer_967,customer_967@example.com,New York
968,Customer_968,customer_968@example.com,Phoenix
969,Customer_969,customer_969@example.com,Chicago
970,Customer_970,customer_970@example.com,Chicago
971,Customer_971,customer_971@example.com,New York
972,Customer_972,customer_972@example.com,Houston
973,Customer_973,customer_973@example.com,Phoenix
974,Customer_974,customer_974@example.com,New York
975,Customer_975,customer_975@example.com,Chicago
976,Customer_976,customer_976@example.com,Chicago
977,Customer_977,customer_977@example.com,New York
978,Customer_978,customer_978@example.com,Los Angeles
979,Customer_979,customer_979@example.com,Houston
980,Customer_980,customer_980@example.com,Phoenix
981,Customer_981,customer_981@example.com,Phoenix
982,Customer_982,customer_982@example.com,Phoenix
983,Customer_983,customer_983@example.com,Chicago
984,Customer_984,customer_984@example.com,Los Angeles
985,Customer_985,customer_985@example.com,Houston
986,Customer_986,customer_986@example.com,Phoenix
987,Customer_987,customer_987@example.com,Phoenix
988,Customer_988,customer_988@example.com,Phoenix
989,Customer_989,customer_989@example.com,Chicago
990,Customer_990,customer_990@example.com,Los Angeles
991,Customer_991,customer_991@example.com,Los Angeles
992,Customer_992,customer_992@example.com,New York
993,Customer_993,customer_993@example.com,Phoenix
994,Customer_994,customer_994@example.com,New York
995,Customer_995,customer_995@example.com,New York
996,Customer_996,customer_996@example.com,New York
997,Customer_997,customer_997@example.com,Phoenix
998,Customer_998,customer_998@example.com,Phoenix
999,Customer_999,customer_999@example.com,New York
1000,Customer_1000,customer_1000@example.com,Los Angeles
